{"meta": {"topo": "geant_linear", "n_states": 8, "phi_grid": [0.05, 0.2, 0.5, 0.8, 0.95], "ckpt_film": "runs/FILM_PPO/GEANT_linear/p9b_film_tf_w150/seed0/26-06-02 143243/best.pt", "ckpt_nofilm": "runs/FILM_PPO/GEANT_linear/p9b_nofilm_tf_w150/seed0/26-06-02 143243/best.pt", "n_nodes": 22}, "sensitivity": {"FiLM-Tf": {"mean": 46.463401794433594, "std": 0.29582005739212036}, "noFiLM-Tf": {"mean": 1.3810702057526214e-06, "std": 3.8028278481760935e-07}}, "drift": {"FiLM-Tf": {"mean": [0.0, 8.637407183647156, 25.79993724822998, 40.4897518157959, 46.46340084075928], "std": [0.0, 0.27693728858561456, 0.635285333383845, 0.47169280545303516, 0.2958200585607554]}, "noFiLM-Tf": {"mean": [0.0, 1.4684540232678955e-06, 1.380150585816864e-06, 1.285184175969789e-06, 1.3810702483851856e-06], "std": [0.0, 3.8225010291444626e-07, 3.8593954381597824e-07, 4.648064900775862e-07, 3.8028279686342043e-07]}}, "pca": {"xy": [[23.043439865112305, 24.898046493530273], [-22.026151657104492, 3.847999334335327], [23.73088836669922, 16.622718811035156], [-22.026140213012695, 3.847999334335327], [24.262489318847656, -0.8822110891342163], [-22.0261287689209, 3.848005771636963], [23.0338134765625, -16.56764793395996], [-22.0261287689209, 3.848005771636963], [22.119997024536133, -22.646514892578125], [-22.0261287689209, 3.848005771636963], [23.940311431884766, 29.639148712158203], [-22.75849151611328, 5.223653316497803], [24.453828811645508, 21.88067626953125], [-22.75849151611328, 5.223654747009277], [24.7622127532959, 5.067460536956787], [-22.758493423461914, 5.223654270172119], [23.46464729309082, -10.672046661376953], [-22.75849151611328, 5.223653316497803], [22.413610458374023, -17.069786071777344], [-22.75849151611328, 5.223656177520752], [18.284772872924805, 16.784265518188477], [-16.71723175048828, -4.222825050354004], [18.8061580657959, 8.256003379821777], [-16.71723175048828, -4.222825050354004], [19.0606632232666, -8.85018539428711], [-16.71723175048828, -4.222825050354004], [18.060659408569336, -22.675148010253906], [-16.71723175048828, -4.222825050354004], [17.418102264404297, -27.757734298706055], [-16.71723175048828, -4.222825050354004], [17.88691520690918, 16.268850326538086], [-13.898324012756348, -4.9283647537231445], [18.311824798583984, 7.793152332305908], [-13.898324012756348, -4.928365230560303], [18.516443252563477, -8.970512390136719], [-13.898324012756348, -4.9283647537231445], [17.7680606842041, -22.469858169555664], [-13.898322105407715, -4.928365707397461], [17.22903823852539, -27.448396682739258], [-13.898324966430664, -4.9283647537231445], [21.257192611694336, 22.197574615478516], [-22.171083450317383, 1.1763278245925903], [22.017723083496094, 13.516363143920898], [-22.171083450317383, 1.1763290166854858], [22.613265991210938, -4.7241363525390625], [-22.171083450317383, 1.1763290166854858], [21.577091217041016, -19.878536224365234], [-22.171083450317383, 1.1763278245925903], [20.886341094970703, -25.503211975097656], [-22.171083450317383, 1.1763290166854858], [21.22218894958496, 22.17768096923828], [-20.467180252075195, -1.429944634437561], [21.92359161376953, 13.704951286315918], [-20.467180252075195, -1.4299447536468506], [22.456554412841797, -4.456357479095459], [-20.467180252075195, -1.4299447536468506], [21.395051956176758, -18.93770408630371], [-20.467180252075195, -1.429944634437561], [20.70632553100586, -24.64408302307129], [-20.467180252075195, -1.4299447536468506], [21.257192611694336, 22.197574615478516], [-22.171083450317383, 1.1763278245925903], [22.017723083496094, 13.516363143920898], [-22.171083450317383, 1.1763290166854858], [22.613265991210938, -4.7241363525390625], [-22.171083450317383, 1.1763290166854858], [21.577091217041016, -19.878536224365234], [-22.171083450317383, 1.1763278245925903], [20.886341094970703, -25.503211975097656], [-22.171083450317383, 1.1763290166854858], [17.755733489990234, 17.3455810546875], [-13.968599319458008, -3.3718366622924805], [18.277240753173828, 8.877314567565918], [-13.968598365783691, -3.3718371391296387], [18.561819076538086, -8.124540328979492], [-13.968598365783691, -3.3718371391296387], [17.66986846923828, -21.82761573791504], [-13.968599319458008, -3.3718366622924805], [17.098814010620117, -26.901866912841797], [-13.968598365783691, -3.3718371391296387], [22.573740005493164, 23.184772491455078], [-22.660907745361328, 0.7732088565826416], [23.29313087463379, 14.68211841583252], [-22.660911560058594, 0.7732095122337341], [23.879589080810547, -3.2040746212005615], [-22.66090965270996, 0.7732093930244446], [22.6734676361084, -18.733139038085938], [-22.660907745361328, 0.7732088565826416], [21.805448532104492, -24.640716552734375], [-22.66090965270996, 0.7732093930244446], [23.358238220214844, 27.71487045288086], [-24.107248306274414, 4.100903511047363], [23.990345001220703, 19.69879913330078], [-24.107250213623047, 4.100902080535889], [24.462032318115234, 2.4336977005004883], [-24.107248306274414, 4.1009039878845215], [23.256481170654297, -13.318120956420898], [-24.107248306274414, 4.100903511047363], [22.30179786682129, -19.615617752075195], [-24.107248306274414, 4.100903511047363], [22.173662185668945, 26.76130485534668], [-19.416030883789062, 3.6036014556884766], [22.607990264892578, 18.901979446411133], [-19.416032791137695, 3.603600263595581], [22.64314079284668, 2.240267276763916], [-19.416030883789062, 3.6036014556884766], [21.08994483947754, -12.837032318115234], [-19.416032791137695, 3.603599786758423], [19.979602813720703, -18.828523635864258], [-19.416030883789062, 3.6036014556884766], [21.641220092773438, 23.679975509643555], [-20.52372169494629, 2.328021764755249], [22.07927703857422, 15.323616027832031], [-20.52372169494629, 2.32802152633667], [21.97552490234375, -2.054847002029419], [-20.523719787597656, 2.328019857406616], [20.292617797851562, -16.898143768310547], [-20.52372169494629, 2.328021764755249], [19.25396156311035, -22.512117385864258], [-20.52372169494629, 2.328021764755249], [23.617164611816406, 28.66404151916504], [-25.501066207885742, 3.041107654571533], [24.190732955932617, 20.845447540283203], [-25.501066207885742, 3.041109323501587], [24.672435760498047, 3.733424186706543], [-25.501066207885742, 3.0411102771759033], [23.579511642456055, -12.211099624633789], [-25.501066207885742, 3.041107416152954], [22.65044403076172, -18.67317771911621], [-25.501066207885742, 3.041109323501587], [21.615827560424805, 22.543317794799805], [-21.63690185546875, 1.446817398071289], [22.385456085205078, 13.839112281799316], [-21.63690185546875, 1.4468183517456055], [22.89191436767578, -4.559365272521973], [-21.63690185546875, 1.4468175172805786], [21.664596557617188, -19.72878074645996], [-21.636899948120117, 1.4468181133270264], [20.893068313598633, -25.338687896728516], [-21.63690185546875, 1.446818232536316], [17.263181686401367, 18.021835327148438], [-18.07636833190918, -3.1009585857391357], [17.76090431213379, 10.193190574645996], [-18.07636833190918, -3.1009581089019775], [18.29238510131836, -5.697068214416504], [-18.07636833190918, -3.1009585857391357], [17.9273624420166, -19.694665908813477], [-18.07636833190918, -3.1009562015533447], [17.475011825561523, -25.29007339477539], [-18.07636833190918, -3.1009585857391357], [22.028657913208008, 28.10767936706543], [-22.50843048095703, 0.8265907168388367], [22.427576065063477, 20.722862243652344], [-22.50843048095703, 0.8265920877456665], [22.659584045410156, 4.762485027313232], [-22.50843048095703, 0.8265920877456665], [21.463045120239258, -10.409050941467285], [-22.5084285736084, 0.8265914916992188], [20.46238136291504, -16.70963478088379], [-22.50843048095703, 0.8265919089317322], [22.117109298706055, 29.7569580078125], [-23.71895980834961, -1.068223237991333], [22.613183975219727, 22.961275100708008], [-23.71895980834961, -1.0682233572006226], [23.3917293548584, 8.096059799194336], [-23.71895980834961, -1.068223237991333], [23.286527633666992, -7.369802951812744], [-23.71895980834961, -1.0682233572006226], [22.73811149597168, 